<?xml version="1.0" encoding="UTF-8"?>
<metadata xml:lang="pl"><Esri><CreaDate>20141017</CreaDate><CreaTime>11342300</CreaTime><ArcGISFormat>1.0</ArcGISFormat><SyncOnce>FALSE</SyncOnce><DataProperties><lineage><Process Name="Define Projection" ToolSource="C:\Program Files (x86)\ArcGIS\Desktop10.0\ArcToolbox\Toolboxes\Data Management Tools.tbx\DefineProjection" Date="20141017" Time="102038">DefineProjection \\sonas-fotka.intranet\GBDOT_BDOT10k\BDOT10k\SHAPEFILE\1\kujawsko_pomorskie_pow_torunski\L4_2_BDOT10k__OT_SKJZ_L.shp PROJCS['ETRS_1989_UWPP_1992',GEOGCS['GCS_ETRS_1989',DATUM['D_ETRS_1989',SPHEROID['GRS_1980',6378137.0,298.257222101]],PRIMEM['Greenwich',0.0],UNIT['Degree',0.0174532925199433]],PROJECTION['Gauss_Kruger'],PARAMETER['False_Easting',500000.0],PARAMETER['False_Northing',-5300000.0],PARAMETER['Central_Meridian',19.0],PARAMETER['Scale_Factor',0.9993],PARAMETER['Latitude_Of_Origin',0.0],UNIT['Meter',1.0]]</Process><Process ToolSource="C:\Program Files (x86)\ArcGIS\Desktop10.0\ArcToolbox\Toolboxes\Data Management Tools.tbx\Project" Date="20141017" Time="113423">Project \\sonas-fotka.intranet\GBDOT_BDOT10k\BDOT10k\SHAPEFILE\1\kujawsko_pomorskie_pow_torunski\L4_2_BDOT10k__OT_SKJZ_L.shp F:\3\kujawsko_pomorskie_pow_torunski\L4_2_BDOT10k__OT_SKJZ_L.shp PROJCS['ETRS_1989_UWPP_1992',GEOGCS['GCS_ETRS_1989',DATUM['D_ETRS_1989',SPHEROID['GRS_1980',6378137.0,298.257222101]],PRIMEM['Greenwich',0.0],UNIT['Degree',0.0174532925199433]],PROJECTION['Gauss_Kruger'],PARAMETER['False_Easting',500000.0],PARAMETER['False_Northing',-5300000.0],PARAMETER['Central_Meridian',19.0],PARAMETER['Scale_Factor',0.9993],PARAMETER['Latitude_Of_Origin',0.0],UNIT['Meter',1.0]] # PROJCS['ETRS_1989_UWPP_1992',GEOGCS['GCS_ETRS_1989',DATUM['D_ETRS_1989',SPHEROID['GRS_1980',6378137.0,298.257222101]],PRIMEM['Greenwich',0.0],UNIT['Degree',0.0174532925199433]],PROJECTION['Gauss_Kruger'],PARAMETER['False_Easting',500000.0],PARAMETER['False_Northing',-5300000.0],PARAMETER['Central_Meridian',19.0],PARAMETER['Scale_Factor',0.9993],PARAMETER['Latitude_Of_Origin',0.0],UNIT['Meter',1.0]]</Process><Process ToolSource="c:\program files (x86)\arcgis\desktop10.5\ArcToolbox\Toolboxes\Data Management Tools.tbx\Merge" Date="20171123" Time="140653">Merge L4_2_BDOT10k__OT_SKJZ_L;L4_1_BDOT10k__OT_SKJZ_L "C:\Users\Karol Jakub\Documents\Studia\5 Semestr\Programowanie Aplikacji Geoinformatycznych\Projekt2\Jezdnie_WokolTorunia2.shp" "idIIP_BT_I "idIIP_BT_I" true true false 254 Text 0 0 ,First,#,L4_2_BDOT10k__OT_SKJZ_L,idIIP_BT_I,-1,-1,L4_1_BDOT10k__OT_SKJZ_L,idIIP_BT_I,-1,-1;idIIP_BT_1 "idIIP_BT_1" true true false 254 Text 0 0 ,First,#,L4_2_BDOT10k__OT_SKJZ_L,idIIP_BT_1,-1,-1,L4_1_BDOT10k__OT_SKJZ_L,idIIP_BT_1,-1,-1;idIIP_BT_2 "idIIP_BT_2" true true false 254 Text 0 0 ,First,#,L4_2_BDOT10k__OT_SKJZ_L,idIIP_BT_2,-1,-1,L4_1_BDOT10k__OT_SKJZ_L,idIIP_BT_2,-1,-1;czyObiektB "czyObiektB" true true false 4 Short 0 4 ,First,#,L4_2_BDOT10k__OT_SKJZ_L,czyObiektB,-1,-1,L4_1_BDOT10k__OT_SKJZ_L,czyObiektB,-1,-1;x_kod "x_kod" true true false 254 Text 0 0 ,First,#,L4_2_BDOT10k__OT_SKJZ_L,x_kod,-1,-1,L4_1_BDOT10k__OT_SKJZ_L,x_kod,-1,-1;x_skrKarto "x_skrKarto" true true false 254 Text 0 0 ,First,#,L4_2_BDOT10k__OT_SKJZ_L,x_skrKarto,-1,-1,L4_1_BDOT10k__OT_SKJZ_L,x_skrKarto,-1,-1;x_skrKart1 "x_skrKart1" true true false 254 Text 0 0 ,First,#,L4_2_BDOT10k__OT_SKJZ_L,x_skrKart1,-1,-1,L4_1_BDOT10k__OT_SKJZ_L,x_skrKart1,-1,-1;x_katDoklG "x_katDoklG" true true false 254 Text 0 0 ,First,#,L4_2_BDOT10k__OT_SKJZ_L,x_katDoklG,-1,-1,L4_1_BDOT10k__OT_SKJZ_L,x_katDoklG,-1,-1;x_doklGeom "x_doklGeom" true true false 19 Double 0 0 ,First,#,L4_2_BDOT10k__OT_SKJZ_L,x_doklGeom,-1,-1,L4_1_BDOT10k__OT_SKJZ_L,x_doklGeom,-1,-1;x_zrodloDa "x_zrodloDa" true true false 254 Text 0 0 ,First,#,L4_2_BDOT10k__OT_SKJZ_L,x_zrodloDa,-1,-1,L4_1_BDOT10k__OT_SKJZ_L,x_zrodloDa,-1,-1;x_zrodloD1 "x_zrodloD1" true true false 254 Text 0 0 ,First,#,L4_2_BDOT10k__OT_SKJZ_L,x_zrodloD1,-1,-1,L4_1_BDOT10k__OT_SKJZ_L,x_zrodloD1,-1,-1;x_katIstni "x_katIstni" true true false 254 Text 0 0 ,First,#,L4_2_BDOT10k__OT_SKJZ_L,x_katIstni,-1,-1,L4_1_BDOT10k__OT_SKJZ_L,x_katIstni,-1,-1;x_katIstn1 "x_katIstn1" true true false 254 Text 0 0 ,First,#,L4_2_BDOT10k__OT_SKJZ_L,x_katIstn1,-1,-1,L4_1_BDOT10k__OT_SKJZ_L,x_katIstn1,-1,-1;x_rodzajRe "x_rodzajRe" true true false 254 Text 0 0 ,First,#,L4_2_BDOT10k__OT_SKJZ_L,x_rodzajRe,-1,-1,L4_1_BDOT10k__OT_SKJZ_L,x_rodzajRe,-1,-1;x_uwagi "x_uwagi" true true false 254 Text 0 0 ,First,#,L4_2_BDOT10k__OT_SKJZ_L,x_uwagi,-1,-1,L4_1_BDOT10k__OT_SKJZ_L,x_uwagi,-1,-1;x_uzytkown "x_uzytkown" true true false 254 Text 0 0 ,First,#,L4_2_BDOT10k__OT_SKJZ_L,x_uzytkown,-1,-1,L4_1_BDOT10k__OT_SKJZ_L,x_uzytkown,-1,-1;x_aktualno "x_aktualno" true true false 8 Date 0 0 ,First,#,L4_2_BDOT10k__OT_SKJZ_L,x_aktualno,-1,-1,L4_1_BDOT10k__OT_SKJZ_L,x_aktualno,-1,-1;x_aktualn1 "x_aktualn1" true true false 8 Date 0 0 ,First,#,L4_2_BDOT10k__OT_SKJZ_L,x_aktualn1,-1,-1,L4_1_BDOT10k__OT_SKJZ_L,x_aktualn1,-1,-1;x_cyklZyci "x_cyklZyci" true true false 8 Date 0 0 ,First,#,L4_2_BDOT10k__OT_SKJZ_L,x_cyklZyci,-1,-1,L4_1_BDOT10k__OT_SKJZ_L,x_cyklZyci,-1,-1;x_cyklZyc1 "x_cyklZyc1" true true false 8 Date 0 0 ,First,#,L4_2_BDOT10k__OT_SKJZ_L,x_cyklZyc1,-1,-1,L4_1_BDOT10k__OT_SKJZ_L,x_cyklZyc1,-1,-1;x_dataUtwo "x_dataUtwo" true true false 8 Date 0 0 ,First,#,L4_2_BDOT10k__OT_SKJZ_L,x_dataUtwo,-1,-1,L4_1_BDOT10k__OT_SKJZ_L,x_dataUtwo,-1,-1;x_informDo "x_informDo" true true false 254 Text 0 0 ,First,#,L4_2_BDOT10k__OT_SKJZ_L,x_informDo,-1,-1,L4_1_BDOT10k__OT_SKJZ_L,x_informDo,-1,-1;x_kodKarto "x_kodKarto" true true false 254 Text 0 0 ,First,#,L4_2_BDOT10k__OT_SKJZ_L,x_kodKarto,-1,-1,L4_1_BDOT10k__OT_SKJZ_L,x_kodKarto,-1,-1;x_kodKart1 "x_kodKart1" true true false 254 Text 0 0 ,First,#,L4_2_BDOT10k__OT_SKJZ_L,x_kodKart1,-1,-1,L4_1_BDOT10k__OT_SKJZ_L,x_kodKart1,-1,-1;x_kodKart2 "x_kodKart2" true true false 254 Text 0 0 ,First,#,L4_2_BDOT10k__OT_SKJZ_L,x_kodKart2,-1,-1,L4_1_BDOT10k__OT_SKJZ_L,x_kodKart2,-1,-1;x_kodKart3 "x_kodKart3" true true false 254 Text 0 0 ,First,#,L4_2_BDOT10k__OT_SKJZ_L,x_kodKart3,-1,-1,L4_1_BDOT10k__OT_SKJZ_L,x_kodKart3,-1,-1;x_kodKart4 "x_kodKart4" true true false 254 Text 0 0 ,First,#,L4_2_BDOT10k__OT_SKJZ_L,x_kodKart4,-1,-1,L4_1_BDOT10k__OT_SKJZ_L,x_kodKart4,-1,-1;x_kodKart5 "x_kodKart5" true true false 254 Text 0 0 ,First,#,L4_2_BDOT10k__OT_SKJZ_L,x_kodKart5,-1,-1,L4_1_BDOT10k__OT_SKJZ_L,x_kodKart5,-1,-1;x_kodKart6 "x_kodKart6" true true false 254 Text 0 0 ,First,#,L4_2_BDOT10k__OT_SKJZ_L,x_kodKart6,-1,-1,L4_1_BDOT10k__OT_SKJZ_L,x_kodKart6,-1,-1;x_kodKart7 "x_kodKart7" true true false 254 Text 0 0 ,First,#,L4_2_BDOT10k__OT_SKJZ_L,x_kodKart7,-1,-1,L4_1_BDOT10k__OT_SKJZ_L,x_kodKart7,-1,-1;x_kodKart8 "x_kodKart8" true true false 254 Text 0 0 ,First,#,L4_2_BDOT10k__OT_SKJZ_L,x_kodKart8,-1,-1,L4_1_BDOT10k__OT_SKJZ_L,x_kodKart8,-1,-1;x_kodKart9 "x_kodKart9" true true false 254 Text 0 0 ,First,#,L4_2_BDOT10k__OT_SKJZ_L,x_kodKart9,-1,-1,L4_1_BDOT10k__OT_SKJZ_L,x_kodKart9,-1,-1;x_kodKa_10 "x_kodKa_10" true true false 254 Text 0 0 ,First,#,L4_2_BDOT10k__OT_SKJZ_L,x_kodKa_10,-1,-1,L4_1_BDOT10k__OT_SKJZ_L,x_kodKa_10,-1,-1;x_kodKa_11 "x_kodKa_11" true true false 254 Text 0 0 ,First,#,L4_2_BDOT10k__OT_SKJZ_L,x_kodKa_11,-1,-1,L4_1_BDOT10k__OT_SKJZ_L,x_kodKa_11,-1,-1;x_kodKa_12 "x_kodKa_12" true true false 254 Text 0 0 ,First,#,L4_2_BDOT10k__OT_SKJZ_L,x_kodKa_12,-1,-1,L4_1_BDOT10k__OT_SKJZ_L,x_kodKa_12,-1,-1;x_kodKa_13 "x_kodKa_13" true true false 254 Text 0 0 ,First,#,L4_2_BDOT10k__OT_SKJZ_L,x_kodKa_13,-1,-1,L4_1_BDOT10k__OT_SKJZ_L,x_kodKa_13,-1,-1;obiektKart "obiektKart" true true false 254 Text 0 0 ,First,#,L4_2_BDOT10k__OT_SKJZ_L,obiektKart,-1,-1,L4_1_BDOT10k__OT_SKJZ_L,obiektKart,-1,-1;obiektKar1 "obiektKar1" true true false 254 Text 0 0 ,First,#,L4_2_BDOT10k__OT_SKJZ_L,obiektKar1,-1,-1,L4_1_BDOT10k__OT_SKJZ_L,obiektKar1,-1,-1;obiektKar2 "obiektKar2" true true false 254 Text 0 0 ,First,#,L4_2_BDOT10k__OT_SKJZ_L,obiektKar2,-1,-1,L4_1_BDOT10k__OT_SKJZ_L,obiektKar2,-1,-1;obiektKar3 "obiektKar3" true true false 254 Text 0 0 ,First,#,L4_2_BDOT10k__OT_SKJZ_L,obiektKar3,-1,-1,L4_1_BDOT10k__OT_SKJZ_L,obiektKar3,-1,-1;katZarzadz "katZarzadz" true true false 254 Text 0 0 ,First,#,L4_2_BDOT10k__OT_SKJZ_L,katZarzadz,-1,-1,L4_1_BDOT10k__OT_SKJZ_L,katZarzadz,-1,-1;katZarzad1 "katZarzad1" true true false 254 Text 0 0 ,First,#,L4_2_BDOT10k__OT_SKJZ_L,katZarzad1,-1,-1,L4_1_BDOT10k__OT_SKJZ_L,katZarzad1,-1,-1;klasaDrogi "klasaDrogi" true true false 254 Text 0 0 ,First,#,L4_2_BDOT10k__OT_SKJZ_L,klasaDrogi,-1,-1,L4_1_BDOT10k__OT_SKJZ_L,klasaDrogi,-1,-1;klasaDrog1 "klasaDrog1" true true false 254 Text 0 0 ,First,#,L4_2_BDOT10k__OT_SKJZ_L,klasaDrog1,-1,-1,L4_1_BDOT10k__OT_SKJZ_L,klasaDrog1,-1,-1;materialNa "materialNa" true true false 254 Text 0 0 ,First,#,L4_2_BDOT10k__OT_SKJZ_L,materialNa,-1,-1,L4_1_BDOT10k__OT_SKJZ_L,materialNa,-1,-1;materialN1 "materialN1" true true false 254 Text 0 0 ,First,#,L4_2_BDOT10k__OT_SKJZ_L,materialN1,-1,-1,L4_1_BDOT10k__OT_SKJZ_L,materialN1,-1,-1;nazwaDrogi "nazwaDrogi" true true false 254 Text 0 0 ,First,#,L4_2_BDOT10k__OT_SKJZ_L,nazwaDrogi,-1,-1,L4_1_BDOT10k__OT_SKJZ_L,nazwaDrogi,-1,-1;liczbaJezd "liczbaJezd" true true false 5 Long 0 5 ,First,#,L4_2_BDOT10k__OT_SKJZ_L,liczbaJezd,-1,-1,L4_1_BDOT10k__OT_SKJZ_L,liczbaJezd,-1,-1;liczbaJez1 "liczbaJez1" true true false 254 Text 0 0 ,First,#,L4_2_BDOT10k__OT_SKJZ_L,liczbaJez1,-1,-1,L4_1_BDOT10k__OT_SKJZ_L,liczbaJez1,-1,-1;polozenie "polozenie" true true false 254 Text 0 0 ,First,#,L4_2_BDOT10k__OT_SKJZ_L,polozenie,-1,-1,L4_1_BDOT10k__OT_SKJZ_L,polozenie,-1,-1;polozenie_ "polozenie_" true true false 254 Text 0 0 ,First,#,L4_2_BDOT10k__OT_SKJZ_L,polozenie_,-1,-1,L4_1_BDOT10k__OT_SKJZ_L,polozenie_,-1,-1;szerNawier "szerNawier" true true false 19 Double 0 0 ,First,#,L4_2_BDOT10k__OT_SKJZ_L,szerNawier,-1,-1,L4_1_BDOT10k__OT_SKJZ_L,szerNawier,-1,-1;szerKorony "szerKorony" true true false 19 Double 0 0 ,First,#,L4_2_BDOT10k__OT_SKJZ_L,szerKorony,-1,-1,L4_1_BDOT10k__OT_SKJZ_L,szerKorony,-1,-1;liczbaPaso "liczbaPaso" true true false 5 Long 0 5 ,First,#,L4_2_BDOT10k__OT_SKJZ_L,liczbaPaso,-1,-1,L4_1_BDOT10k__OT_SKJZ_L,liczbaPaso,-1,-1;liczbaPas1 "liczbaPas1" true true false 254 Text 0 0 ,First,#,L4_2_BDOT10k__OT_SKJZ_L,liczbaPas1,-1,-1,L4_1_BDOT10k__OT_SKJZ_L,liczbaPas1,-1,-1;ulica "ulica" true true false 4 Short 0 4 ,First,#,L4_2_BDOT10k__OT_SKJZ_L,ulica,-1,-1,L4_1_BDOT10k__OT_SKJZ_L,ulica,-1,-1;ulica_NilR "ulica_NilR" true true false 254 Text 0 0 ,First,#,L4_2_BDOT10k__OT_SKJZ_L,ulica_NilR,-1,-1,L4_1_BDOT10k__OT_SKJZ_L,ulica_NilR,-1,-1;szlakDrogo "szlakDrogo" true true false 254 Text 0 0 ,First,#,L4_2_BDOT10k__OT_SKJZ_L,szlakDrogo,-1,-1,L4_1_BDOT10k__OT_SKJZ_L,szlakDrogo,-1,-1;szlakDrog1 "szlakDrog1" true true false 254 Text 0 0 ,First,#,L4_2_BDOT10k__OT_SKJZ_L,szlakDrog1,-1,-1,L4_1_BDOT10k__OT_SKJZ_L,szlakDrog1,-1,-1;szlakDrog2 "szlakDrog2" true true false 254 Text 0 0 ,First,#,L4_2_BDOT10k__OT_SKJZ_L,szlakDrog2,-1,-1,L4_1_BDOT10k__OT_SKJZ_L,szlakDrog2,-1,-1;szlakDrog3 "szlakDrog3" true true false 254 Text 0 0 ,First,#,L4_2_BDOT10k__OT_SKJZ_L,szlakDrog3,-1,-1,L4_1_BDOT10k__OT_SKJZ_L,szlakDrog3,-1,-1;szlakDrog4 "szlakDrog4" true true false 254 Text 0 0 ,First,#,L4_2_BDOT10k__OT_SKJZ_L,szlakDrog4,-1,-1,L4_1_BDOT10k__OT_SKJZ_L,szlakDrog4,-1,-1;skdr_l1 "skdr_l1" true true false 254 Text 0 0 ,First,#,L4_2_BDOT10k__OT_SKJZ_L,skdr_l1,-1,-1,L4_1_BDOT10k__OT_SKJZ_L,skdr_l1,-1,-1;ulica3 "ulica3" true true false 254 Text 0 0 ,First,#,L4_2_BDOT10k__OT_SKJZ_L,ulica3,-1,-1,L4_1_BDOT10k__OT_SKJZ_L,ulica3,-1,-1;BDOT500_1 "BDOT500_1" true true false 254 Text 0 0 ,First,#,L4_2_BDOT10k__OT_SKJZ_L,BDOT500_1,-1,-1,L4_1_BDOT10k__OT_SKJZ_L,BDOT500_1,-1,-1;BDOT500_2 "BDOT500_2" true true false 254 Text 0 0 ,First,#,L4_2_BDOT10k__OT_SKJZ_L,BDOT500_2,-1,-1,L4_1_BDOT10k__OT_SKJZ_L,BDOT500_2,-1,-1;BDOT500_3 "BDOT500_3" true true false 254 Text 0 0 ,First,#,L4_2_BDOT10k__OT_SKJZ_L,BDOT500_3,-1,-1,L4_1_BDOT10k__OT_SKJZ_L,BDOT500_3,-1,-1;BDOT500_4 "BDOT500_4" true true false 254 Text 0 0 ,First,#,L4_2_BDOT10k__OT_SKJZ_L,BDOT500_4,-1,-1,L4_1_BDOT10k__OT_SKJZ_L,BDOT500_4,-1,-1;BDOT500_5 "BDOT500_5" true true false 254 Text 0 0 ,First,#,L4_2_BDOT10k__OT_SKJZ_L,BDOT500_5,-1,-1,L4_1_BDOT10k__OT_SKJZ_L,BDOT500_5,-1,-1;ID1 "ID1" true true false 10 Long 0 10 ,First,#,L4_2_BDOT10k__OT_SKJZ_L,ID1,-1,-1,L4_1_BDOT10k__OT_SKJZ_L,ID1,-1,-1;geometria_ "geometria_" true true false 15 Text 0 0 ,First,#,L4_2_BDOT10k__OT_SKJZ_L,geometria_,-1,-1,L4_1_BDOT10k__OT_SKJZ_L,geometria_,-1,-1;x_uzytkow1 "x_uzytkow1" true true false 254 Text 0 0 ,First,#,L4_2_BDOT10k__OT_SKJZ_L,x_uzytkow1,-1,-1,L4_1_BDOT10k__OT_SKJZ_L,x_uzytkow1,-1,-1;szerNawie1 "szerNawie1" true true false 254 Text 0 0 ,First,#,L4_2_BDOT10k__OT_SKJZ_L,szerNawie1,-1,-1,L4_1_BDOT10k__OT_SKJZ_L,szerNawie1,-1,-1;szerKoron1 "szerKoron1" true true false 254 Text 0 0 ,First,#,L4_2_BDOT10k__OT_SKJZ_L,szerKoron1,-1,-1,L4_1_BDOT10k__OT_SKJZ_L,szerKoron1,-1,-1;skdr_l1_ni "skdr_l1_ni" true true false 254 Text 0 0 ,First,#,L4_2_BDOT10k__OT_SKJZ_L,skdr_l1_ni,-1,-1,L4_1_BDOT10k__OT_SKJZ_L,skdr_l1_ni,-1,-1;obiektKar4 "obiektKar4" true true false 254 Text 0 0 ,First,#,L4_2_BDOT10k__OT_SKJZ_L,obiektKar4,-1,-1,L4_1_BDOT10k__OT_SKJZ_L,obiektKar4,-1,-1;szlakDrog5 "szlakDrog5" true true false 254 Text 0 0 ,First,#,L4_2_BDOT10k__OT_SKJZ_L,szlakDrog5,-1,-1,L4_1_BDOT10k__OT_SKJZ_L,szlakDrog5,-1,-1;BDOT500 "BDOT500" true true false 254 Text 0 0 ,First,#,L4_2_BDOT10k__OT_SKJZ_L,BDOT500,-1,-1,L4_1_BDOT10k__OT_SKJZ_L,BDOT500,-1,-1;BDOT500_pr "BDOT500_pr" true true false 254 Text 0 0 ,First,#,L4_2_BDOT10k__OT_SKJZ_L,BDOT500_pr,-1,-1,L4_1_BDOT10k__OT_SKJZ_L,BDOT500_pr,-1,-1"</Process><Process ToolSource="c:\program files (x86)\arcgis\desktop10.5\ArcToolbox\Toolboxes\Data Management Tools.tbx\AddField" Date="20171123" Time="140729">AddField Jezdnie_WokolTorunia2 srd_pred SHORT # # # # NULLABLE NON_REQUIRED #</Process><Process ToolSource="c:\program files (x86)\arcgis\desktop10.5\ArcToolbox\Toolboxes\Data Management Tools.tbx\CalculateField" Date="20171123" Time="140815">CalculateField Jezdnie_WokolTorunia2 srd_pred 140 PYTHON_9.3 #</Process><Process ToolSource="c:\program files (x86)\arcgis\desktop10.5\ArcToolbox\Toolboxes\Data Management Tools.tbx\CalculateField" Date="20171123" Time="140832">CalculateField Jezdnie_WokolTorunia2 srd_pred 120 PYTHON_9.3 #</Process><Process ToolSource="c:\program files (x86)\arcgis\desktop10.5\ArcToolbox\Toolboxes\Data Management Tools.tbx\CalculateField" Date="20171123" Time="140912">CalculateField Jezdnie_WokolTorunia2 srd_pred 100 PYTHON_9.3 #</Process><Process ToolSource="c:\program files (x86)\arcgis\desktop10.5\ArcToolbox\Toolboxes\Data Management Tools.tbx\CalculateField" Date="20171123" Time="140927">CalculateField Jezdnie_WokolTorunia2 srd_pred 90 PYTHON_9.3 #</Process><Process ToolSource="c:\program files (x86)\arcgis\desktop10.5\ArcToolbox\Toolboxes\Data Management Tools.tbx\CalculateField" Date="20171123" Time="141022">CalculateField Jezdnie_WokolTorunia2 srd_pred 25 PYTHON_9.3 #</Process><Process ToolSource="c:\program files (x86)\arcgis\desktop10.5\ArcToolbox\Toolboxes\Data Management Tools.tbx\CalculateField" Date="20171123" Time="141103">CalculateField Jezdnie_WokolTorunia2 srd_pred 90 VB #</Process><Process ToolSource="c:\program files (x86)\arcgis\desktop10.5\ArcToolbox\Toolboxes\Data Management Tools.tbx\CalculateField" Date="20171123" Time="141552">CalculateField Jezdnie_WokolTorunia2 srd_pred 50 VB #</Process><Process ToolSource="c:\program files (x86)\arcgis\desktop10.5\ArcToolbox\Toolboxes\Data Management Tools.tbx\CalculateField" Date="20171123" Time="141746">CalculateField Jezdnie_WokolTorunia2 srd_pred 50 VB #</Process><Process ToolSource="c:\program files (x86)\arcgis\desktop10.5\ArcToolbox\Toolboxes\Data Management Tools.tbx\CalculateField" Date="20171123" Time="141756">CalculateField Jezdnie_WokolTorunia2 srd_pred 25 VB #</Process><Process ToolSource="c:\program files (x86)\arcgis\desktop10.5\ArcToolbox\Toolboxes\Data Management Tools.tbx\AddField" Date="20171123" Time="141953">AddField Jezdnie_WokolTorunia2 kierunk SHORT # # # # NULLABLE NON_REQUIRED #</Process><Process ToolSource="c:\program files (x86)\arcgis\desktop10.5\ArcToolbox\Toolboxes\Data Management Tools.tbx\CalculateField" Date="20171123" Time="142708">CalculateField Jezdnie_WokolTorunia2 kierunk 1 VB #</Process><Process ToolSource="c:\program files (x86)\arcgis\desktop10.5\ArcToolbox\Toolboxes\Data Management Tools.tbx\CalculateField" Date="20171123" Time="143940">CalculateField Jezdnie_WokolTorunia2 kierunk 3 VB #</Process><Process ToolSource="c:\program files (x86)\arcgis\desktop10.5\ArcToolbox\Toolboxes\Data Management Tools.tbx\CalculateField" Date="20171123" Time="144324">CalculateField Jezdnie_WokolTorunia2 kierunk 3 VB #</Process><Process ToolSource="c:\program files (x86)\arcgis\desktop10.5\ArcToolbox\Toolboxes\Data Management Tools.tbx\CalculateField" Date="20171123" Time="144506">CalculateField Jezdnie_WokolTorunia2 kierunk 3 VB #</Process><Process ToolSource="c:\program files (x86)\arcgis\desktop10.5\ArcToolbox\Toolboxes\Data Management Tools.tbx\CalculateField" Date="20171204" Time="135237">CalculateField Jezdnie_WokolTorunia2 kierunk !kierunk!/3 PYTHON_9.3 #</Process><Process ToolSource="c:\program files (x86)\arcgis\desktop10.5\ArcToolbox\Toolboxes\Data Management Tools.tbx\CalculateField" Date="20171204" Time="142209">CalculateField Jezdnie_WokolTorunia2 kierunk 3 PYTHON_9.3 #</Process><Process ToolSource="c:\program files (x86)\arcgis\desktop10.5\ArcToolbox\Toolboxes\Data Management Tools.tbx\CalculateField" Date="20171204" Time="142305">CalculateField Jezdnie_WokolTorunia2 kierunk 3 VB #</Process><Process ToolSource="c:\program files (x86)\arcgis\desktop10.5\ArcToolbox\Toolboxes\Data Management Tools.tbx\CalculateField" Date="20171204" Time="142522">CalculateField Jezdnie_WokolTorunia2 kierunk 3 VB #</Process><Process ToolSource="c:\program files (x86)\arcgis\desktop10.5\ArcToolbox\Toolboxes\Data Management Tools.tbx\CalculateField" Date="20171204" Time="142602">CalculateField Jezdnie_WokolTorunia2 kierunk 3 VB #</Process></lineage><itemProps><itemName Sync="TRUE">Jezdnie_WokolTorunia2</itemName><imsContentType Sync="TRUE">002</imsContentType><itemSize Sync="TRUE">0.000</itemSize><itemLocation><linkage Sync="TRUE">file://\\LAPTOP-LERT9BN4\C$\Users\Karol Jakub\Documents\Studia\5 Semestr\Programowanie Aplikacji Geoinformatycznych\Projekt2\Jezdnie_WokolTorunia2.shp</linkage><protocol Sync="TRUE">Local Area Network</protocol></itemLocation></itemProps><coordRef><type Sync="TRUE">Projected</type><geogcsn Sync="TRUE">GCS_ETRS_1989</geogcsn><csUnits Sync="TRUE">Linear Unit: Meter (1.000000)</csUnits><projcsn Sync="TRUE">ETRS_1989_UWPP_1992</projcsn><peXml Sync="TRUE">&lt;ProjectedCoordinateSystem xsi:type='typens:ProjectedCoordinateSystem' xmlns:xsi='http://www.w3.org/2001/XMLSchema-instance' xmlns:xs='http://www.w3.org/2001/XMLSchema' xmlns:typens='http://www.esri.com/schemas/ArcGIS/10.5'&gt;&lt;WKT&gt;PROJCS[&amp;quot;ETRS_1989_UWPP_1992&amp;quot;,GEOGCS[&amp;quot;GCS_ETRS_1989&amp;quot;,DATUM[&amp;quot;D_ETRS_1989&amp;quot;,SPHEROID[&amp;quot;GRS_1980&amp;quot;,6378137.0,298.257222101]],PRIMEM[&amp;quot;Greenwich&amp;quot;,0.0],UNIT[&amp;quot;Degree&amp;quot;,0.0174532925199433]],PROJECTION[&amp;quot;Gauss_Kruger&amp;quot;],PARAMETER[&amp;quot;False_Easting&amp;quot;,500000.0],PARAMETER[&amp;quot;False_Northing&amp;quot;,-5300000.0],PARAMETER[&amp;quot;Central_Meridian&amp;quot;,19.0],PARAMETER[&amp;quot;Scale_Factor&amp;quot;,0.9993],PARAMETER[&amp;quot;Latitude_Of_Origin&amp;quot;,0.0],UNIT[&amp;quot;Meter&amp;quot;,1.0],AUTHORITY[&amp;quot;Esri&amp;quot;,102173]]&lt;/WKT&gt;&lt;XOrigin&gt;-5119200&lt;/XOrigin&gt;&lt;YOrigin&gt;-15295100&lt;/YOrigin&gt;&lt;XYScale&gt;450580747.30322808&lt;/XYScale&gt;&lt;ZOrigin&gt;-100000&lt;/ZOrigin&gt;&lt;ZScale&gt;10000&lt;/ZScale&gt;&lt;MOrigin&gt;-100000&lt;/MOrigin&gt;&lt;MScale&gt;10000&lt;/MScale&gt;&lt;XYTolerance&gt;0.001&lt;/XYTolerance&gt;&lt;ZTolerance&gt;0.001&lt;/ZTolerance&gt;&lt;MTolerance&gt;0.001&lt;/MTolerance&gt;&lt;HighPrecision&gt;true&lt;/HighPrecision&gt;&lt;WKID&gt;102173&lt;/WKID&gt;&lt;LatestWKID&gt;102173&lt;/LatestWKID&gt;&lt;/ProjectedCoordinateSystem&gt;</peXml></coordRef></DataProperties><SyncDate>20171123</SyncDate><SyncTime>14050500</SyncTime><ModDate>20171123</ModDate><ModTime>14050500</ModTime></Esri><dataIdInfo><envirDesc Sync="TRUE"> Version 6.2 (Build 9200) ; Esri ArcGIS 10.5.1.7333</envirDesc><dataLang><languageCode value="pol" Sync="TRUE"></languageCode><countryCode value="POL" Sync="TRUE"></countryCode></dataLang><idCitation><resTitle Sync="TRUE">Jezdnie_WokolTorunia2</resTitle><presForm><PresFormCd value="005" Sync="TRUE"></PresFormCd></presForm></idCitation><spatRpType><SpatRepTypCd value="001" Sync="TRUE"></SpatRepTypCd></spatRpType></dataIdInfo><mdLang><languageCode value="pol" Sync="TRUE"></languageCode><countryCode value="POL" Sync="TRUE"></countryCode></mdLang><mdChar><CharSetCd value="004" Sync="TRUE"></CharSetCd></mdChar><distInfo><distFormat><formatName Sync="TRUE">Shapefile</formatName></distFormat><distTranOps><transSize Sync="TRUE">0.000</transSize></distTranOps></distInfo><mdHrLv><ScopeCd value="005" Sync="TRUE"></ScopeCd></mdHrLv><mdHrLvName Sync="TRUE">dataset</mdHrLvName><refSysInfo><RefSystem><refSysID><identCode code="102173" Sync="TRUE"></identCode><idCodeSpace Sync="TRUE">Esri</idCodeSpace><idVersion Sync="TRUE">9.0.0</idVersion></refSysID></RefSystem></refSysInfo><spatRepInfo><VectSpatRep><geometObjs Name="Jezdnie_WokolTorunia2"><geoObjTyp><GeoObjTypCd value="002" Sync="TRUE"></GeoObjTypCd></geoObjTyp><geoObjCnt Sync="TRUE">0</geoObjCnt></geometObjs><topLvl><TopoLevCd value="001" Sync="TRUE"></TopoLevCd></topLvl></VectSpatRep></spatRepInfo><spdoinfo><ptvctinf><esriterm Name="Jezdnie_WokolTorunia2"><efeatyp Sync="TRUE">Simple</efeatyp><efeageom code="3" Sync="TRUE"></efeageom><esritopo Sync="TRUE">FALSE</esritopo><efeacnt Sync="TRUE">0</efeacnt><spindex Sync="TRUE">FALSE</spindex><linrefer Sync="TRUE">FALSE</linrefer></esriterm></ptvctinf></spdoinfo><eainfo><detailed Name="Jezdnie_WokolTorunia2"><enttyp><enttypl Sync="TRUE">Jezdnie_WokolTorunia2</enttypl><enttypt Sync="TRUE">Feature Class</enttypt><enttypc Sync="TRUE">0</enttypc></enttyp><attr><attrlabl Sync="TRUE">FID</attrlabl><attalias Sync="TRUE">FID</attalias><attrtype Sync="TRUE">OID</attrtype><attwidth Sync="TRUE">4</attwidth><atprecis Sync="TRUE">0</atprecis><attscale Sync="TRUE">0</attscale><attrdef Sync="TRUE">Internal feature number.</attrdef><attrdefs Sync="TRUE">Esri</attrdefs><attrdomv><udom Sync="TRUE">Sequential unique whole numbers that are automatically generated.</udom></attrdomv></attr><attr><attrlabl Sync="TRUE">Shape</attrlabl><attalias Sync="TRUE">Shape</attalias><attrtype Sync="TRUE">Geometry</attrtype><attwidth Sync="TRUE">0</attwidth><atprecis Sync="TRUE">0</atprecis><attscale Sync="TRUE">0</attscale><attrdef Sync="TRUE">Feature geometry.</attrdef><attrdefs Sync="TRUE">Esri</attrdefs><attrdomv><udom Sync="TRUE">Coordinates defining the features.</udom></attrdomv></attr><attr><attrlabl Sync="TRUE">idIIP_BT_I</attrlabl><attalias Sync="TRUE">idIIP_BT_I</attalias><attrtype Sync="TRUE">String</attrtype><attwidth Sync="TRUE">254</attwidth><atprecis Sync="TRUE">0</atprecis><attscale Sync="TRUE">0</attscale></attr><attr><attrlabl Sync="TRUE">idIIP_BT_1</attrlabl><attalias Sync="TRUE">idIIP_BT_1</attalias><attrtype Sync="TRUE">String</attrtype><attwidth Sync="TRUE">254</attwidth><atprecis Sync="TRUE">0</atprecis><attscale Sync="TRUE">0</attscale></attr><attr><attrlabl Sync="TRUE">idIIP_BT_2</attrlabl><attalias Sync="TRUE">idIIP_BT_2</attalias><attrtype Sync="TRUE">String</attrtype><attwidth Sync="TRUE">254</attwidth><atprecis Sync="TRUE">0</atprecis><attscale Sync="TRUE">0</attscale></attr><attr><attrlabl Sync="TRUE">czyObiektB</attrlabl><attalias Sync="TRUE">czyObiektB</attalias><attrtype Sync="TRUE">Integer</attrtype><attwidth Sync="TRUE">5</attwidth><atprecis Sync="TRUE">5</atprecis><attscale Sync="TRUE">0</attscale></attr><attr><attrlabl Sync="TRUE">x_kod</attrlabl><attalias Sync="TRUE">x_kod</attalias><attrtype Sync="TRUE">String</attrtype><attwidth Sync="TRUE">254</attwidth><atprecis Sync="TRUE">0</atprecis><attscale Sync="TRUE">0</attscale></attr><attr><attrlabl Sync="TRUE">x_skrKarto</attrlabl><attalias Sync="TRUE">x_skrKarto</attalias><attrtype Sync="TRUE">String</attrtype><attwidth Sync="TRUE">254</attwidth><atprecis Sync="TRUE">0</atprecis><attscale Sync="TRUE">0</attscale></attr><attr><attrlabl Sync="TRUE">x_skrKart1</attrlabl><attalias Sync="TRUE">x_skrKart1</attalias><attrtype Sync="TRUE">String</attrtype><attwidth Sync="TRUE">254</attwidth><atprecis Sync="TRUE">0</atprecis><attscale Sync="TRUE">0</attscale></attr><attr><attrlabl Sync="TRUE">x_katDoklG</attrlabl><attalias Sync="TRUE">x_katDoklG</attalias><attrtype Sync="TRUE">String</attrtype><attwidth Sync="TRUE">254</attwidth><atprecis Sync="TRUE">0</atprecis><attscale Sync="TRUE">0</attscale></attr><attr><attrlabl Sync="TRUE">x_doklGeom</attrlabl><attalias Sync="TRUE">x_doklGeom</attalias><attrtype Sync="TRUE">Double</attrtype><attwidth Sync="TRUE">19</attwidth><atprecis Sync="TRUE">0</atprecis><attscale Sync="TRUE">0</attscale></attr><attr><attrlabl Sync="TRUE">x_zrodloDa</attrlabl><attalias Sync="TRUE">x_zrodloDa</attalias><attrtype Sync="TRUE">String</attrtype><attwidth Sync="TRUE">254</attwidth><atprecis Sync="TRUE">0</atprecis><attscale Sync="TRUE">0</attscale></attr><attr><attrlabl Sync="TRUE">x_zrodloD1</attrlabl><attalias Sync="TRUE">x_zrodloD1</attalias><attrtype Sync="TRUE">String</attrtype><attwidth Sync="TRUE">254</attwidth><atprecis Sync="TRUE">0</atprecis><attscale Sync="TRUE">0</attscale></attr><attr><attrlabl Sync="TRUE">x_katIstni</attrlabl><attalias Sync="TRUE">x_katIstni</attalias><attrtype Sync="TRUE">String</attrtype><attwidth Sync="TRUE">254</attwidth><atprecis Sync="TRUE">0</atprecis><attscale Sync="TRUE">0</attscale></attr><attr><attrlabl Sync="TRUE">x_katIstn1</attrlabl><attalias Sync="TRUE">x_katIstn1</attalias><attrtype Sync="TRUE">String</attrtype><attwidth Sync="TRUE">254</attwidth><atprecis Sync="TRUE">0</atprecis><attscale Sync="TRUE">0</attscale></attr><attr><attrlabl Sync="TRUE">x_rodzajRe</attrlabl><attalias Sync="TRUE">x_rodzajRe</attalias><attrtype Sync="TRUE">String</attrtype><attwidth Sync="TRUE">254</attwidth><atprecis Sync="TRUE">0</atprecis><attscale Sync="TRUE">0</attscale></attr><attr><attrlabl Sync="TRUE">x_uwagi</attrlabl><attalias Sync="TRUE">x_uwagi</attalias><attrtype Sync="TRUE">String</attrtype><attwidth Sync="TRUE">254</attwidth><atprecis Sync="TRUE">0</atprecis><attscale Sync="TRUE">0</attscale></attr><attr><attrlabl Sync="TRUE">x_uzytkown</attrlabl><attalias Sync="TRUE">x_uzytkown</attalias><attrtype Sync="TRUE">String</attrtype><attwidth Sync="TRUE">254</attwidth><atprecis Sync="TRUE">0</atprecis><attscale Sync="TRUE">0</attscale></attr><attr><attrlabl Sync="TRUE">x_aktualno</attrlabl><attalias Sync="TRUE">x_aktualno</attalias><attrtype Sync="TRUE">Date</attrtype><attwidth Sync="TRUE">8</attwidth><atprecis Sync="TRUE">0</atprecis><attscale Sync="TRUE">0</attscale></attr><attr><attrlabl Sync="TRUE">x_aktualn1</attrlabl><attalias Sync="TRUE">x_aktualn1</attalias><attrtype Sync="TRUE">Date</attrtype><attwidth Sync="TRUE">8</attwidth><atprecis Sync="TRUE">0</atprecis><attscale Sync="TRUE">0</attscale></attr><attr><attrlabl Sync="TRUE">x_cyklZyci</attrlabl><attalias Sync="TRUE">x_cyklZyci</attalias><attrtype Sync="TRUE">Date</attrtype><attwidth Sync="TRUE">8</attwidth><atprecis Sync="TRUE">0</atprecis><attscale Sync="TRUE">0</attscale></attr><attr><attrlabl Sync="TRUE">x_cyklZyc1</attrlabl><attalias Sync="TRUE">x_cyklZyc1</attalias><attrtype Sync="TRUE">Date</attrtype><attwidth Sync="TRUE">8</attwidth><atprecis Sync="TRUE">0</atprecis><attscale Sync="TRUE">0</attscale></attr><attr><attrlabl Sync="TRUE">x_dataUtwo</attrlabl><attalias Sync="TRUE">x_dataUtwo</attalias><attrtype Sync="TRUE">Date</attrtype><attwidth Sync="TRUE">8</attwidth><atprecis Sync="TRUE">0</atprecis><attscale Sync="TRUE">0</attscale></attr><attr><attrlabl Sync="TRUE">x_informDo</attrlabl><attalias Sync="TRUE">x_informDo</attalias><attrtype Sync="TRUE">String</attrtype><attwidth Sync="TRUE">254</attwidth><atprecis Sync="TRUE">0</atprecis><attscale Sync="TRUE">0</attscale></attr><attr><attrlabl Sync="TRUE">x_kodKarto</attrlabl><attalias Sync="TRUE">x_kodKarto</attalias><attrtype Sync="TRUE">String</attrtype><attwidth Sync="TRUE">254</attwidth><atprecis Sync="TRUE">0</atprecis><attscale Sync="TRUE">0</attscale></attr><attr><attrlabl Sync="TRUE">x_kodKart1</attrlabl><attalias Sync="TRUE">x_kodKart1</attalias><attrtype Sync="TRUE">String</attrtype><attwidth Sync="TRUE">254</attwidth><atprecis Sync="TRUE">0</atprecis><attscale Sync="TRUE">0</attscale></attr><attr><attrlabl Sync="TRUE">x_kodKart2</attrlabl><attalias Sync="TRUE">x_kodKart2</attalias><attrtype Sync="TRUE">String</attrtype><attwidth Sync="TRUE">254</attwidth><atprecis Sync="TRUE">0</atprecis><attscale Sync="TRUE">0</attscale></attr><attr><attrlabl Sync="TRUE">x_kodKart3</attrlabl><attalias Sync="TRUE">x_kodKart3</attalias><attrtype Sync="TRUE">String</attrtype><attwidth Sync="TRUE">254</attwidth><atprecis Sync="TRUE">0</atprecis><attscale Sync="TRUE">0</attscale></attr><attr><attrlabl Sync="TRUE">x_kodKart4</attrlabl><attalias Sync="TRUE">x_kodKart4</attalias><attrtype Sync="TRUE">String</attrtype><attwidth Sync="TRUE">254</attwidth><atprecis Sync="TRUE">0</atprecis><attscale Sync="TRUE">0</attscale></attr><attr><attrlabl Sync="TRUE">x_kodKart5</attrlabl><attalias Sync="TRUE">x_kodKart5</attalias><attrtype Sync="TRUE">String</attrtype><attwidth Sync="TRUE">254</attwidth><atprecis Sync="TRUE">0</atprecis><attscale Sync="TRUE">0</attscale></attr><attr><attrlabl Sync="TRUE">x_kodKart6</attrlabl><attalias Sync="TRUE">x_kodKart6</attalias><attrtype Sync="TRUE">String</attrtype><attwidth Sync="TRUE">254</attwidth><atprecis Sync="TRUE">0</atprecis><attscale Sync="TRUE">0</attscale></attr><attr><attrlabl Sync="TRUE">x_kodKart7</attrlabl><attalias Sync="TRUE">x_kodKart7</attalias><attrtype Sync="TRUE">String</attrtype><attwidth Sync="TRUE">254</attwidth><atprecis Sync="TRUE">0</atprecis><attscale Sync="TRUE">0</attscale></attr><attr><attrlabl Sync="TRUE">x_kodKart8</attrlabl><attalias Sync="TRUE">x_kodKart8</attalias><attrtype Sync="TRUE">String</attrtype><attwidth Sync="TRUE">254</attwidth><atprecis Sync="TRUE">0</atprecis><attscale Sync="TRUE">0</attscale></attr><attr><attrlabl Sync="TRUE">x_kodKart9</attrlabl><attalias Sync="TRUE">x_kodKart9</attalias><attrtype Sync="TRUE">String</attrtype><attwidth Sync="TRUE">254</attwidth><atprecis Sync="TRUE">0</atprecis><attscale Sync="TRUE">0</attscale></attr><attr><attrlabl Sync="TRUE">x_kodKa_10</attrlabl><attalias Sync="TRUE">x_kodKa_10</attalias><attrtype Sync="TRUE">String</attrtype><attwidth Sync="TRUE">254</attwidth><atprecis Sync="TRUE">0</atprecis><attscale Sync="TRUE">0</attscale></attr><attr><attrlabl Sync="TRUE">x_kodKa_11</attrlabl><attalias Sync="TRUE">x_kodKa_11</attalias><attrtype Sync="TRUE">String</attrtype><attwidth Sync="TRUE">254</attwidth><atprecis Sync="TRUE">0</atprecis><attscale Sync="TRUE">0</attscale></attr><attr><attrlabl Sync="TRUE">x_kodKa_12</attrlabl><attalias Sync="TRUE">x_kodKa_12</attalias><attrtype Sync="TRUE">String</attrtype><attwidth Sync="TRUE">254</attwidth><atprecis Sync="TRUE">0</atprecis><attscale Sync="TRUE">0</attscale></attr><attr><attrlabl Sync="TRUE">x_kodKa_13</attrlabl><attalias Sync="TRUE">x_kodKa_13</attalias><attrtype Sync="TRUE">String</attrtype><attwidth Sync="TRUE">254</attwidth><atprecis Sync="TRUE">0</atprecis><attscale Sync="TRUE">0</attscale></attr><attr><attrlabl Sync="TRUE">obiektKart</attrlabl><attalias Sync="TRUE">obiektKart</attalias><attrtype Sync="TRUE">String</attrtype><attwidth Sync="TRUE">254</attwidth><atprecis Sync="TRUE">0</atprecis><attscale Sync="TRUE">0</attscale></attr><attr><attrlabl Sync="TRUE">obiektKar1</attrlabl><attalias Sync="TRUE">obiektKar1</attalias><attrtype Sync="TRUE">String</attrtype><attwidth Sync="TRUE">254</attwidth><atprecis Sync="TRUE">0</atprecis><attscale Sync="TRUE">0</attscale></attr><attr><attrlabl Sync="TRUE">obiektKar2</attrlabl><attalias Sync="TRUE">obiektKar2</attalias><attrtype Sync="TRUE">String</attrtype><attwidth Sync="TRUE">254</attwidth><atprecis Sync="TRUE">0</atprecis><attscale Sync="TRUE">0</attscale></attr><attr><attrlabl Sync="TRUE">obiektKar3</attrlabl><attalias Sync="TRUE">obiektKar3</attalias><attrtype Sync="TRUE">String</attrtype><attwidth Sync="TRUE">254</attwidth><atprecis Sync="TRUE">0</atprecis><attscale Sync="TRUE">0</attscale></attr><attr><attrlabl Sync="TRUE">katZarzadz</attrlabl><attalias Sync="TRUE">katZarzadz</attalias><attrtype Sync="TRUE">String</attrtype><attwidth Sync="TRUE">254</attwidth><atprecis Sync="TRUE">0</atprecis><attscale Sync="TRUE">0</attscale></attr><attr><attrlabl Sync="TRUE">katZarzad1</attrlabl><attalias Sync="TRUE">katZarzad1</attalias><attrtype Sync="TRUE">String</attrtype><attwidth Sync="TRUE">254</attwidth><atprecis Sync="TRUE">0</atprecis><attscale Sync="TRUE">0</attscale></attr><attr><attrlabl Sync="TRUE">klasaDrogi</attrlabl><attalias Sync="TRUE">klasaDrogi</attalias><attrtype Sync="TRUE">String</attrtype><attwidth Sync="TRUE">254</attwidth><atprecis Sync="TRUE">0</atprecis><attscale Sync="TRUE">0</attscale></attr><attr><attrlabl Sync="TRUE">klasaDrog1</attrlabl><attalias Sync="TRUE">klasaDrog1</attalias><attrtype Sync="TRUE">String</attrtype><attwidth Sync="TRUE">254</attwidth><atprecis Sync="TRUE">0</atprecis><attscale Sync="TRUE">0</attscale></attr><attr><attrlabl Sync="TRUE">materialNa</attrlabl><attalias Sync="TRUE">materialNa</attalias><attrtype Sync="TRUE">String</attrtype><attwidth Sync="TRUE">254</attwidth><atprecis Sync="TRUE">0</atprecis><attscale Sync="TRUE">0</attscale></attr><attr><attrlabl Sync="TRUE">materialN1</attrlabl><attalias Sync="TRUE">materialN1</attalias><attrtype Sync="TRUE">String</attrtype><attwidth Sync="TRUE">254</attwidth><atprecis Sync="TRUE">0</atprecis><attscale Sync="TRUE">0</attscale></attr><attr><attrlabl Sync="TRUE">nazwaDrogi</attrlabl><attalias Sync="TRUE">nazwaDrogi</attalias><attrtype Sync="TRUE">String</attrtype><attwidth Sync="TRUE">254</attwidth><atprecis Sync="TRUE">0</atprecis><attscale Sync="TRUE">0</attscale></attr><attr><attrlabl Sync="TRUE">liczbaJezd</attrlabl><attalias Sync="TRUE">liczbaJezd</attalias><attrtype Sync="TRUE">Integer</attrtype><attwidth Sync="TRUE">10</attwidth><atprecis Sync="TRUE">10</atprecis><attscale Sync="TRUE">0</attscale></attr><attr><attrlabl Sync="TRUE">liczbaJez1</attrlabl><attalias Sync="TRUE">liczbaJez1</attalias><attrtype Sync="TRUE">String</attrtype><attwidth Sync="TRUE">254</attwidth><atprecis Sync="TRUE">0</atprecis><attscale Sync="TRUE">0</attscale></attr><attr><attrlabl Sync="TRUE">polozenie</attrlabl><attalias Sync="TRUE">polozenie</attalias><attrtype Sync="TRUE">String</attrtype><attwidth Sync="TRUE">254</attwidth><atprecis Sync="TRUE">0</atprecis><attscale Sync="TRUE">0</attscale></attr><attr><attrlabl Sync="TRUE">polozenie_</attrlabl><attalias Sync="TRUE">polozenie_</attalias><attrtype Sync="TRUE">String</attrtype><attwidth Sync="TRUE">254</attwidth><atprecis Sync="TRUE">0</atprecis><attscale Sync="TRUE">0</attscale></attr><attr><attrlabl Sync="TRUE">szerNawier</attrlabl><attalias Sync="TRUE">szerNawier</attalias><attrtype Sync="TRUE">Double</attrtype><attwidth Sync="TRUE">19</attwidth><atprecis Sync="TRUE">0</atprecis><attscale Sync="TRUE">0</attscale></attr><attr><attrlabl Sync="TRUE">szerKorony</attrlabl><attalias Sync="TRUE">szerKorony</attalias><attrtype Sync="TRUE">Double</attrtype><attwidth Sync="TRUE">19</attwidth><atprecis Sync="TRUE">0</atprecis><attscale Sync="TRUE">0</attscale></attr><attr><attrlabl Sync="TRUE">liczbaPaso</attrlabl><attalias Sync="TRUE">liczbaPaso</attalias><attrtype Sync="TRUE">Integer</attrtype><attwidth Sync="TRUE">10</attwidth><atprecis Sync="TRUE">10</atprecis><attscale Sync="TRUE">0</attscale></attr><attr><attrlabl Sync="TRUE">liczbaPas1</attrlabl><attalias Sync="TRUE">liczbaPas1</attalias><attrtype Sync="TRUE">String</attrtype><attwidth Sync="TRUE">254</attwidth><atprecis Sync="TRUE">0</atprecis><attscale Sync="TRUE">0</attscale></attr><attr><attrlabl Sync="TRUE">ulica</attrlabl><attalias Sync="TRUE">ulica</attalias><attrtype Sync="TRUE">Integer</attrtype><attwidth Sync="TRUE">5</attwidth><atprecis Sync="TRUE">5</atprecis><attscale Sync="TRUE">0</attscale></attr><attr><attrlabl Sync="TRUE">ulica_NilR</attrlabl><attalias Sync="TRUE">ulica_NilR</attalias><attrtype Sync="TRUE">String</attrtype><attwidth Sync="TRUE">254</attwidth><atprecis Sync="TRUE">0</atprecis><attscale Sync="TRUE">0</attscale></attr><attr><attrlabl Sync="TRUE">szlakDrogo</attrlabl><attalias Sync="TRUE">szlakDrogo</attalias><attrtype Sync="TRUE">String</attrtype><attwidth Sync="TRUE">254</attwidth><atprecis Sync="TRUE">0</atprecis><attscale Sync="TRUE">0</attscale></attr><attr><attrlabl Sync="TRUE">szlakDrog1</attrlabl><attalias Sync="TRUE">szlakDrog1</attalias><attrtype Sync="TRUE">String</attrtype><attwidth Sync="TRUE">254</attwidth><atprecis Sync="TRUE">0</atprecis><attscale Sync="TRUE">0</attscale></attr><attr><attrlabl Sync="TRUE">szlakDrog2</attrlabl><attalias Sync="TRUE">szlakDrog2</attalias><attrtype Sync="TRUE">String</attrtype><attwidth Sync="TRUE">254</attwidth><atprecis Sync="TRUE">0</atprecis><attscale Sync="TRUE">0</attscale></attr><attr><attrlabl Sync="TRUE">szlakDrog3</attrlabl><attalias Sync="TRUE">szlakDrog3</attalias><attrtype Sync="TRUE">String</attrtype><attwidth Sync="TRUE">254</attwidth><atprecis Sync="TRUE">0</atprecis><attscale Sync="TRUE">0</attscale></attr><attr><attrlabl Sync="TRUE">szlakDrog4</attrlabl><attalias Sync="TRUE">szlakDrog4</attalias><attrtype Sync="TRUE">String</attrtype><attwidth Sync="TRUE">254</attwidth><atprecis Sync="TRUE">0</atprecis><attscale Sync="TRUE">0</attscale></attr><attr><attrlabl Sync="TRUE">skdr_l1</attrlabl><attalias Sync="TRUE">skdr_l1</attalias><attrtype Sync="TRUE">String</attrtype><attwidth Sync="TRUE">254</attwidth><atprecis Sync="TRUE">0</atprecis><attscale Sync="TRUE">0</attscale></attr><attr><attrlabl Sync="TRUE">ulica3</attrlabl><attalias Sync="TRUE">ulica3</attalias><attrtype Sync="TRUE">String</attrtype><attwidth Sync="TRUE">254</attwidth><atprecis Sync="TRUE">0</atprecis><attscale Sync="TRUE">0</attscale></attr><attr><attrlabl Sync="TRUE">BDOT500_1</attrlabl><attalias Sync="TRUE">BDOT500_1</attalias><attrtype Sync="TRUE">String</attrtype><attwidth Sync="TRUE">254</attwidth><atprecis Sync="TRUE">0</atprecis><attscale Sync="TRUE">0</attscale></attr><attr><attrlabl Sync="TRUE">BDOT500_2</attrlabl><attalias Sync="TRUE">BDOT500_2</attalias><attrtype Sync="TRUE">String</attrtype><attwidth Sync="TRUE">254</attwidth><atprecis Sync="TRUE">0</atprecis><attscale Sync="TRUE">0</attscale></attr><attr><attrlabl Sync="TRUE">BDOT500_3</attrlabl><attalias Sync="TRUE">BDOT500_3</attalias><attrtype Sync="TRUE">String</attrtype><attwidth Sync="TRUE">254</attwidth><atprecis Sync="TRUE">0</atprecis><attscale Sync="TRUE">0</attscale></attr><attr><attrlabl Sync="TRUE">BDOT500_4</attrlabl><attalias Sync="TRUE">BDOT500_4</attalias><attrtype Sync="TRUE">String</attrtype><attwidth Sync="TRUE">254</attwidth><atprecis Sync="TRUE">0</atprecis><attscale Sync="TRUE">0</attscale></attr><attr><attrlabl Sync="TRUE">BDOT500_5</attrlabl><attalias Sync="TRUE">BDOT500_5</attalias><attrtype Sync="TRUE">String</attrtype><attwidth Sync="TRUE">254</attwidth><atprecis Sync="TRUE">0</atprecis><attscale Sync="TRUE">0</attscale></attr><attr><attrlabl Sync="TRUE">ID1</attrlabl><attalias Sync="TRUE">ID1</attalias><attrtype Sync="TRUE">Integer</attrtype><attwidth Sync="TRUE">10</attwidth><atprecis Sync="TRUE">10</atprecis><attscale Sync="TRUE">0</attscale></attr><attr><attrlabl Sync="TRUE">geometria_</attrlabl><attalias Sync="TRUE">geometria_</attalias><attrtype Sync="TRUE">String</attrtype><attwidth Sync="TRUE">15</attwidth><atprecis Sync="TRUE">0</atprecis><attscale Sync="TRUE">0</attscale></attr><attr><attrlabl Sync="TRUE">x_uzytkow1</attrlabl><attalias Sync="TRUE">x_uzytkow1</attalias><attrtype Sync="TRUE">String</attrtype><attwidth Sync="TRUE">254</attwidth><atprecis Sync="TRUE">0</atprecis><attscale Sync="TRUE">0</attscale></attr><attr><attrlabl Sync="TRUE">szerNawie1</attrlabl><attalias Sync="TRUE">szerNawie1</attalias><attrtype Sync="TRUE">String</attrtype><attwidth Sync="TRUE">254</attwidth><atprecis Sync="TRUE">0</atprecis><attscale Sync="TRUE">0</attscale></attr><attr><attrlabl Sync="TRUE">szerKoron1</attrlabl><attalias Sync="TRUE">szerKoron1</attalias><attrtype Sync="TRUE">String</attrtype><attwidth Sync="TRUE">254</attwidth><atprecis Sync="TRUE">0</atprecis><attscale Sync="TRUE">0</attscale></attr><attr><attrlabl Sync="TRUE">skdr_l1_ni</attrlabl><attalias Sync="TRUE">skdr_l1_ni</attalias><attrtype Sync="TRUE">String</attrtype><attwidth Sync="TRUE">254</attwidth><atprecis Sync="TRUE">0</atprecis><attscale Sync="TRUE">0</attscale></attr><attr><attrlabl Sync="TRUE">obiektKar4</attrlabl><attalias Sync="TRUE">obiektKar4</attalias><attrtype Sync="TRUE">String</attrtype><attwidth Sync="TRUE">254</attwidth><atprecis Sync="TRUE">0</atprecis><attscale Sync="TRUE">0</attscale></attr><attr><attrlabl Sync="TRUE">szlakDrog5</attrlabl><attalias Sync="TRUE">szlakDrog5</attalias><attrtype Sync="TRUE">String</attrtype><attwidth Sync="TRUE">254</attwidth><atprecis Sync="TRUE">0</atprecis><attscale Sync="TRUE">0</attscale></attr><attr><attrlabl Sync="TRUE">BDOT500</attrlabl><attalias Sync="TRUE">BDOT500</attalias><attrtype Sync="TRUE">String</attrtype><attwidth Sync="TRUE">254</attwidth><atprecis Sync="TRUE">0</atprecis><attscale Sync="TRUE">0</attscale></attr><attr><attrlabl Sync="TRUE">BDOT500_pr</attrlabl><attalias Sync="TRUE">BDOT500_pr</attalias><attrtype Sync="TRUE">String</attrtype><attwidth Sync="TRUE">254</attwidth><atprecis Sync="TRUE">0</atprecis><attscale Sync="TRUE">0</attscale></attr></detailed></eainfo><mdDateSt Sync="TRUE">20171123</mdDateSt></metadata>
